id,label,bearing,current_stop_sequence,direction_id,longitude,latitude,speed,updated_at,current_status,route_id,stop_id
"G-10138","3265","45","7","1","-71.06206","42.27271","8.6","2025-05-01T19:46:08-04:00","IN_TRANSIT_TO","","","Mattapan","70264"
"y2116","2116","70","5","0","-71.03735489","42.38987278","None","2025-05-01T19:46:09-04:00","STOPPED_AT","","","111","5613"
"G-10109","3853-3699","135","660","0","-71.11194","42.33161","3.7","2025-05-01T19:46:07-04:00","STOPPED_AT","","","Green-E","70255"
"y1308","1308","90","4","1","-71.03461","42.34465","None","2025-05-01T19:45:27-04:00","STOPPED_AT","","","742","31255"
"y1667","1667","225","1","0","-71.11333","42.30065","None","2025-05-01T19:45:23-04:00","STOPPED_AT","","","21","875"
"y1435","1435","90","1","1","-70.99167","42.4124","None","2025-05-01T19:45:29-04:00","STOPPED_AT","","","116","15796"
"y3283","3283","0","1","0","-71.08989","42.33649","None","2025-05-01T19:46:04-04:00","STOPPED_AT","","","57","899"
"y1725","1725","225","6","0","-71.07012","42.34996","None","2025-05-01T19:46:04-04:00","IN_TRANSIT_TO","","","504","173"
"y1625","1625","90","1","1","-71.21876","42.15884","None","2025-05-01T19:45:01-04:00","STOPPED_AT","","","34E","89617"
"y0777","0777","135","1","1","-70.9525213","42.17557","None","2025-05-01T19:45:18-04:00","STOPPED_AT","","","226","13829"
"y0763","0763","328","41","1","-71.00232901","42.24933323","None","2025-05-01T19:46:07-04:00","IN_TRANSIT_TO","","","236","33241"
"y0829","0829","180","50","0","-71.00553186","42.253499599","None","2025-05-01T19:46:10-04:00","IN_TRANSIT_TO","","","215","32003"
"y1431","1431","280","1","1","-70.89647993","42.52493743","None","2025-05-01T19:46:08-04:00","STOPPED_AT","","","455","37150"
"y3243","3243","0","1","0","-71.08389","42.32921","None","2025-05-01T19:46:04-04:00","STOPPED_AT","","","66","64000"
"y1275","1275","167","1","1","-71.08416471","42.329798199","None","2025-05-01T19:46:10-04:00","STOPPED_AT","","","749","64"
"y1831","1831","359","31","0","-71.02507556","42.33734157","None","2025-05-01T19:46:08-04:00","IN_TRANSIT_TO","","","11","32"
"O-5482D3A7","1516","185","1","0","-71.07093","42.43773","None","2025-05-01T19:46:03-04:00","STOPPED_AT","","","Orange","Oak Grove-02"
"y0827","0827","349","4","1","-71.0137396","42.26006473","None","2025-05-01T19:46:11-04:00","IN_TRANSIT_TO","","","211","3096"
"1716","1716","None","30","0","-71.06948852539062","42.450618743896484","2.2","2025-05-01T19:45:52-04:00","STOPPED_AT","","","CR-Haverhill","WR-0062-01"
"G-10118","3647-3865","200","100","0","-71.06457","42.35305","None","2025-05-01T19:45:27-04:00","INCOMING_AT","","","Green-C","70157"
"1860","1860","None","140","0","-71.52327728271484","42.2672119140625","None","2025-05-01T19:45:45-04:00","STOPPED_AT","","","CR-Worcester","WML-0274-01"
"y1406","1406","333","4","0","-71.08247554","42.40720312","None","2025-05-01T19:46:10-04:00","IN_TRANSIT_TO","","","100","9045"
"y1268","1268","235","4","0","-71.07854681","42.34819864","None","2025-05-01T19:46:08-04:00","IN_TRANSIT_TO","","","39","11388"
"y3297","3297","45","30","0","-71.12662776","42.36548041","None","2025-05-01T19:46:10-04:00","IN_TRANSIT_TO","","","66","2564"
"y3345","3345","9","1","1","-71.00261316","42.40736979","None","2025-05-01T19:46:11-04:00","STOPPED_AT","","","116","15796"
"y1205","1205","71","19","1","-71.09078236","42.33946051","None","2025-05-01T19:46:11-04:00","STOPPED_AT","","","39","71317"
"G-10365","3888-3610","315","570","0","-71.25143","42.33696","4.7","2025-05-01T19:46:05-04:00","INCOMING_AT","","","Green-D","70161"
"y3279","3279","292","7","1","-71.20376407","42.3815095","None","2025-05-01T19:46:10-04:00","IN_TRANSIT_TO","","","554","7696"
"y1808","1808","102","8","0","-71.062685979","42.34632826","None","2025-05-01T19:46:10-04:00","IN_TRANSIT_TO","","","9","11481"
"y1458","1458","282","25","0","-71.0407276","42.39657134","None","2025-05-01T19:46:11-04:00","IN_TRANSIT_TO","","","112","5045"
"y1689","1689","58","12","1","-71.15495989","42.286165429","None","2025-05-01T19:46:09-04:00","IN_TRANSIT_TO","","","36","784"
"y1283","1283","288","1","1","-71.08387507","42.32981785","None","2025-05-01T19:45:57-04:00","STOPPED_AT","","","751","64"
"y1207","1207","15","18","1","-71.085698249","42.301491","None","2025-05-01T19:46:11-04:00","IN_TRANSIT_TO","","","28","383"
"y1403","1403","183","11","1","-71.06938121","42.50066439","None","2025-05-01T19:46:12-04:00","IN_TRANSIT_TO","","","137","9181"
"y1958","1958","135","29","1","-71.08741","42.39431","None","2025-05-01T19:46:04-04:00","STOPPED_AT","","","95","2900"
"y1814","1814","16","17","1","-71.05714589","42.3423713","None","2025-05-01T19:46:10-04:00","IN_TRANSIT_TO","","","9","150"
"y0802","0802","161","3","0","-71.00061285","42.24621828","None","2025-05-01T19:46:10-04:00","IN_TRANSIT_TO","","","225","3784"
"y0818","0818","332","2","0","-71.00504976","42.252605629","None","2025-05-01T19:46:08-04:00","IN_TRANSIT_TO","","","236","3326"
"y3154","3154","263","9","1","-71.09421768","42.37921179","None","2025-05-01T19:46:10-04:00","IN_TRANSIT_TO","","","91","2612"
"y1823","1823","270","8","1","-71.039777","42.33564423","None","2025-05-01T19:46:12-04:00","STOPPED_AT","","","9","43"
"y1747","1747","180","1","0","-71.08859","42.33662","None","2025-05-01T19:44:29-04:00","STOPPED_AT","","","15","17863"
"y1277","1277","45","2","1","-71.0818","42.33185","None","2025-05-01T19:46:04-04:00","IN_TRANSIT_TO","","","751","3"
"G-10420","3716-3867","305","650","1","-71.07605","42.37131","4.6","2025-05-01T19:46:07-04:00","STOPPED_AT","","","Green-D","70501"
"y2026","2026","233","1","0","-71.0733137","42.38724633","None","2025-05-01T19:46:10-04:00","STOPPED_AT","","","132","5072"
"y3299","3299","85","33","1","-71.20699475","42.33594579","None","2025-05-01T19:46:11-04:00","STOPPED_AT","","","59","8160"
"ynk316","316","244","None","None","-71.81070455","42.23643969","None","2025-05-01T19:46:11-04:00","IN_TRANSIT_TO","","","Shuttle-Generic",""
"y1861","1861","321","17","0","-71.0994289","42.36284313","None","2025-05-01T19:46:08-04:00","STOPPED_AT","","","1","101"
"y1203","1203","0","2","1","-71.0936","42.26876","None","2025-05-01T19:46:04-04:00","STOPPED_AT","","","28","1722"
"G-10259","3688","305","None","1","-71.07962","42.37319","1.2","2025-05-01T19:45:11-04:00","IN_TRANSIT_TO","","","Green-C",""
"y1223","1223","228","15","0","-71.08329089","42.310405809","None","2025-05-01T19:46:10-04:00","STOPPED_AT","","","28","412"
"y1851","1851","225","1","0","-71.089094309","42.3366098","None","2025-05-01T19:43:42-04:00","STOPPED_AT","","","22","17862"
"y3122","3122","16","29","1","-71.07528292","42.38439492","None","2025-05-01T19:46:08-04:00","IN_TRANSIT_TO","","","90","28742"
"R-5482D15B","1706","10","220","0","-71.00135","42.2097","None","2025-05-01T19:45:38-04:00","INCOMING_AT","","","Red","70105"
"y1732","1732","129","16","0","-71.08771532","42.33430916","None","2025-05-01T19:46:08-04:00","IN_TRANSIT_TO","","","8","11592"
"y0767","0767","75","1","0","-71.0097439","42.26001461","None","2025-05-01T19:45:12-04:00","STOPPED_AT","","","222","32004"
"y1613","1613","336","11","1","-71.09384732","42.287414","None","2025-05-01T19:46:06-04:00","IN_TRANSIT_TO","","","31","9406"
"y1896","1896","295","26","1","-71.08482906","42.328871999","None","2025-05-01T19:45:58-04:00","IN_TRANSIT_TO","","","23","1148"
"G-10024","3855-3687","90","350","1","-71.21215","42.31769","11.7","2025-05-01T19:46:10-04:00","INCOMING_AT","","","Green-D","70168"
"y3346","3346","70","14","0","-71.01589285","42.38359472","None","2025-05-01T19:46:12-04:00","STOPPED_AT","","","120","5875"
"y1291","1291","315","1","0","-71.06215","42.35525","None","2025-05-01T19:45:13-04:00","STOPPED_AT","","","749","49001"
"B-5482D385","0770","45","50","1","-71.03017","42.37435","None","2025-05-01T19:45:32-04:00","STOPPED_AT","","","Blue","70048"
"O-5482D36C","1522","25","20","1","-71.10443","42.31682","None","2025-05-01T19:46:09-04:00","STOPPED_AT","","","Orange","70005"
"B-5482D37F","0723","20","110","1","-70.99162","42.4135","None","2025-05-01T19:45:34-04:00","STOPPED_AT","","","Blue","70060"
"y1720","1720","26","2","0","-71.097222149","42.34847947","None","2025-05-01T19:46:07-04:00","IN_TRANSIT_TO","","","8","8993"
"y2065","2065","41","29","1","-71.04303738","42.3932929","None","2025-05-01T19:46:11-04:00","IN_TRANSIT_TO","","","112","15053"
"G-10042","3646-3817","315","240","0","-71.13712","42.34845","4.8","2025-05-01T19:45:30-04:00","STOPPED_AT","","","Green-B","70127"
"G-10243","3640-3876","135","160","1","-71.10533","42.34983","4.0","2025-05-01T19:45:50-04:00","INCOMING_AT","","","Green-B","70146"
"R-5482D21A","1868","85","None","0","-71.14054","42.39621","None","2025-05-01T19:43:42-04:00","IN_TRANSIT_TO","","","Red",""
"1866","1866","None","50","0","-71.15387725830078","42.16362762451172","3.6","2025-05-01T19:45:36-04:00","IN_TRANSIT_TO","","","CR-Providence","NEC-2139-01"
"G-10307","3881-3683","315","460","1","-71.11173","42.33126","5.2","2025-05-01T19:46:09-04:00","INCOMING_AT","","","Green-E","70256"
"G-10393","3829-3653","315","570","0","-71.24469","42.33359","4.1","2025-05-01T19:45:12-04:00","IN_TRANSIT_TO","","","Green-D","70161"
"y3004","3004","250","11","0","-70.97386872","42.38271452","None","2025-05-01T19:46:10-04:00","IN_TRANSIT_TO","","","712","109875"
"y1750","1750","237","19","1","-71.06362406","42.31827591","None","2025-05-01T19:46:11-04:00","IN_TRANSIT_TO","","","16","2934"
"y1885","1885","121","2","1","-71.107582249","42.300991089","None","2025-05-01T19:46:11-04:00","STOPPED_AT","","","16","520"
"O-5482D620","1500","210","190","0","-71.11239","42.30331","None","2025-05-01T19:45:59-04:00","INCOMING_AT","","","Orange","70001"
"y3145","3145","298","3","0","-71.12496579","42.37896113","None","2025-05-01T19:46:08-04:00","STOPPED_AT","","","78","2172"
"y0836","0836","333","19","1","-71.04223078","42.16388041","None","2025-05-01T19:46:09-04:00","IN_TRANSIT_TO","","","240","4249"
"G-10296","3644-3800","315","630","1","-71.05996","42.36494","None","2025-05-01T19:45:07-04:00","INCOMING_AT","","","Green-E","70205"
"y1604","1604","187","19","0","-71.124389339","42.254130559","None","2025-05-01T19:46:12-04:00","IN_TRANSIT_TO","","","32","2818"
"O-5482D66D","1402","200","20","0","-71.07574","42.42322","None","2025-05-01T19:45:52-04:00","IN_TRANSIT_TO","","","Orange","70032"
"G-10218","3804-3601","135","20","0","-71.0604","42.36543","None","2025-05-01T19:46:05-04:00","STOPPED_AT","","","Green-E","70206"
"1856","1856","None","80","1","-71.15727233886719","42.233734130859375","None","2025-05-01T19:45:38-04:00","STOPPED_AT","","","CR-Franklin","FB-0109-02"
"y3249","3249","135","1","1","-71.23788","42.27311","None","2025-05-01T19:46:04-04:00","STOPPED_AT","","","59","91852"
"y1616","1616","187","9","0","-71.119677679","42.276267089","None","2025-05-01T19:46:11-04:00","STOPPED_AT","","","32","6498"
"y1965","1965","278","18","0","-71.15685291","42.36280707","None","2025-05-01T19:46:10-04:00","IN_TRANSIT_TO","","","70","1445"
"G-10009","3673-3887","225","340","0","-71.11382","42.34418","3.8","2025-05-01T19:45:07-04:00","STOPPED_AT","","","Green-C","70215"
"G-10064","3649-3882","225","370","0","-71.12499","42.34128","7.5","2025-05-01T19:46:08-04:00","INCOMING_AT","","","Green-C","70223"
"B-5482D38B","0716","80","30","1","-71.05162","42.35956","None","2025-05-01T19:45:59-04:00","STOPPED_AT","","","Blue","70044"
"B-5482D68F","0705","350","100","1","-70.99175","42.40269","None","2025-05-01T19:45:38-04:00","INCOMING_AT","","","Blue","70058"
"1809","1809","None","20","0","-71.005859375","42.252254486083984","None","2025-05-01T19:45:26-04:00","STOPPED_AT","","","CR-NewBedford","MM-0079-S"
"y1907","1907","134","8","1","-71.101632199","42.364149769","None","2025-05-01T19:46:06-04:00","IN_TRANSIT_TO","","","1","73"
"y3233","3233","225","11","1","-71.23626294","42.37438875","None","2025-05-01T19:45:31-04:00","IN_TRANSIT_TO","","","556","17813"
"1705","1705","349","110","0","-70.87515258789062","42.788719177246094","11.6","2025-05-01T19:45:39-04:00","IN_TRANSIT_TO","","","CR-Newburyport","ER-0362-01"
"G-10319","3634-3891","60","550","1","-71.10488","42.34665","11.6","2025-05-01T19:46:05-04:00","IN_TRANSIT_TO","","","Green-C","70150"
"y3137","3137","111","3","1","-71.16827306","42.39360614","None","2025-05-01T19:46:09-04:00","IN_TRANSIT_TO","","","74","2141"
"y0830","0830","11","63","1","-71.08084432","42.25960545","None","2025-05-01T19:46:10-04:00","IN_TRANSIT_TO","","","240","4204"
"y3325","3325","45","1","0","-70.99196397","42.41244978","None","2025-05-01T19:46:10-04:00","STOPPED_AT","","","442","15798"
"y1932","1932","315","20","0","-71.12195","42.39667","None","2025-05-01T19:45:35-04:00","IN_TRANSIT_TO","","","88","2631"
"G-10327","3875-3627","225","600","0","-71.08873","42.34046","4.4","2025-05-01T19:46:06-04:00","INCOMING_AT","","","Green-E","70243"
"G-10382","3676-3821","225","650","0","-71.10668","42.33332","4.6","2025-05-01T19:46:08-04:00","INCOMING_AT","","","Green-E","70253"
"y3269","3269","107","12","1","-71.16894424","42.350318969","None","2025-05-01T19:46:06-04:00","STOPPED_AT","","","57","912"
"y1775","1775","180","1","0","-71.08259","42.32911","None","2025-05-01T19:46:08-04:00","STOPPED_AT","","","66","64000"
"y3262","3262","214","4","1","-71.1219225","42.37047696","None","2025-05-01T19:46:08-04:00","IN_TRANSIT_TO","","","66","2551"
"y1281","1281","212","11","0","-71.081599229","42.33221907","None","2025-05-01T19:46:08-04:00","STOPPED_AT","","","749","61"
"y1978","1978","82","16","1","-71.14627847","42.37523233","None","2025-05-01T19:46:10-04:00","IN_TRANSIT_TO","","","73","2066"
"y1964","1964","166","2","1","-71.034059399","42.41523435","None","2025-05-01T19:46:02-04:00","IN_TRANSIT_TO","","","111","5587"
"G-10091","3670-3833","45","520","1","-71.09274","42.33882","5.1","2025-05-01T19:45:55-04:00","INCOMING_AT","","","Green-E","70244"
"y1855","1855","104","22","0","-71.07688789","42.29164046","None","2025-05-01T19:46:12-04:00","STOPPED_AT","","","22","423"
"y3308","3308","184","10","1","-71.01233267","42.41006076","None","2025-05-01T19:46:10-04:00","STOPPED_AT","","","116","5713"
"G-10220","3682-3805","300","660","1","-71.09396","42.37695","None","2025-05-01T19:45:50-04:00","STOPPED_AT","","","Green-D","Union Square-02"
"y1971","1971","123","39","1","-71.12910286","42.38123985","None","2025-05-01T19:46:09-04:00","IN_TRANSIT_TO","","","78","2160"
"y3286","3286","135","1","1","-71.12006","42.37729","None","2025-05-01T19:45:35-04:00","STOPPED_AT","","","66","22549"
"G-10427","3620-3884","30","610","1","-71.06243","42.35614","None","2025-05-01T19:46:03-04:00","IN_TRANSIT_TO","","","Green-E","70201"
"B-5482D393","0791","225","60","0","-71.0302","42.37437","None","2025-05-01T19:45:26-04:00","STOPPED_AT","","","Blue","70047"
"1849","1849","246","80","0","-71.13465881347656","42.23723602294922","10.7","2025-05-01T19:45:41-04:00","STOPPED_AT","","","CR-Franklin","FB-0095-04"
"B-5482D39D","0786","235","40","0","-71.00478","42.38689","None","2025-05-01T19:45:44-04:00","STOPPED_AT","","","Blue","70051"
"y2014","2014","236","26","1","-71.036131179","42.39159567","None","2025-05-01T19:46:08-04:00","STOPPED_AT","","","104","5606"
"y1413","1413","334","2","0","-71.05992825","42.360030489","None","2025-05-01T19:46:10-04:00","STOPPED_AT","","","354","4510"
"y1324","1324","135","4","0","-71.04135","42.34739","None","2025-05-01T19:46:04-04:00","IN_TRANSIT_TO","","","743","74624"
"G-10104","3838-3611","331","710","1","-71.1173","42.40839","None","2025-05-01T19:46:01-04:00","STOPPED_AT","","","Green-E","70511"
"y1865","1865","353","5","0","-71.07050285","42.350645519","None","2025-05-01T19:46:12-04:00","STOPPED_AT","","","504","177"
"y1219","1219","335","18","1","-71.085802509","42.30136378","None","2025-05-01T19:46:13-04:00","IN_TRANSIT_TO","","","28","383"
"y1946","1946","299","10","0","-71.13946753","42.38616176","None","2025-05-01T19:46:07-04:00","STOPPED_AT","","","74","2180"
"O-5482D37B","1488","215","150","0","-71.09613","42.33078","None","2025-05-01T19:45:35-04:00","STOPPED_AT","","","Orange","70008"
"y1763","1763","353","11","1","-71.06666372","42.35033619","None","2025-05-01T19:46:10-04:00","IN_TRANSIT_TO","","","43","1241"
"1707","1707","330","150","0","-71.73619842529297","42.535400390625","8.9","2025-05-01T19:45:40-04:00","IN_TRANSIT_TO","","","CR-Fitchburg","FR-0451-01"
"y1903","1903","129","6","0","-71.03981108","42.34465615","None","2025-05-01T19:46:09-04:00","STOPPED_AT","","","7","244"
"y0819","0819","168","1","0","-71.0049891","42.25179171","None","2025-05-01T19:46:11-04:00","STOPPED_AT","","","230","32003"
"y1917","1917","210","16","0","-71.06623286","42.31609935","None","2025-05-01T19:46:09-04:00","IN_TRANSIT_TO","","","15","1504"
"y0760","0760","332","31","1","-71.00795788","42.25732686","None","2025-05-01T19:46:09-04:00","IN_TRANSIT_TO","","","225","32001"
"y1302","1302","135","7","1","-71.04073","42.34832","None","2025-05-01T19:45:20-04:00","IN_TRANSIT_TO","","","743","74614"
"y3347","3347","90","24","1","-71.00577","42.40544","None","2025-05-01T19:45:35-04:00","STOPPED_AT","","","119","5805"
"y1254","1254","148","2","0","-71.089664639","42.33468637","None","2025-05-01T19:46:08-04:00","IN_TRANSIT_TO","","","28","11257"
"y3130","3130","213","29","1","-71.05633507","42.406405839","None","2025-05-01T19:46:07-04:00","STOPPED_AT","","","110","5496"
"y0792","0792","28","49","0","-70.95190228","42.26969165","None","2025-05-01T19:46:10-04:00","STOPPED_AT","","","216","3261"
"y1906","1906","225","1","1","-71.09939","42.32353","None","2025-05-01T19:46:04-04:00","STOPPED_AT","","","44","11531"
"R-5482BBDE","1904","130","70","0","-71.06265","42.35648","None","2025-05-01T19:45:16-04:00","STOPPED_AT","","","Red","70075"
"1828","1828","None","110","1","-71.0658187866211","42.34703063964844","None","2025-05-01T19:45:42-04:00","IN_TRANSIT_TO","","","CR-Needham","NEC-2287"
"y1422","1422","186","57","1","-71.09236684","42.40954676","None","2025-05-01T19:46:09-04:00","IN_TRANSIT_TO","","","134","49157"
"y1776","1776","0","1","1","-71.0399","42.31657","None","2025-05-01T19:46:04-04:00","STOPPED_AT","","","8","111"
"G-10335","3260","270","8","0","-71.08819","42.26782","8.6","2025-05-01T19:46:07-04:00","INCOMING_AT","","","Mattapan","70275"
"y1947","1947","279","13","0","-71.13590149","42.40090026","None","2025-05-01T19:45:24-04:00","STOPPED_AT","","","77","2274"
"y1290","1290","217","12","0","-71.08195499","42.33176623","None","2025-05-01T19:46:09-04:00","IN_TRANSIT_TO","","","751","64"
"y1629","1629","182","39","1","-71.12919324","42.28579979","None","2025-05-01T19:45:29-04:00","STOPPED_AT","","","51","795"
"y1783","1783","286","19","1","-71.060766689","42.33024932","None","2025-05-01T19:46:09-04:00","IN_TRANSIT_TO","","","10","11241"
"B-5482D646","0751","55","70","1","-71.00469","42.38688","None","2025-05-01T19:45:52-04:00","STOPPED_AT","","","Blue","70052"
"1853","1853","100","110","1","-71.14025115966797","42.35731506347656","14.8","2025-05-01T19:45:44-04:00","STOPPED_AT","","","CR-Worcester","WML-0035-02"
"G-10143","3915-3900","315","150","0","-71.101","42.34936","4.2","2025-05-01T19:46:10-04:00","INCOMING_AT","","","Green-B","70147"
"ynk223","223","320","None","None","-71.03657626","42.33753641","None","2025-05-01T19:44:18-04:00","IN_TRANSIT_TO","","","Shuttle-Generic",""
"O-5482D39F","1464","175","30","0","-71.07761","42.39473","None","2025-05-01T19:46:05-04:00","INCOMING_AT","","","Orange","70278"
"y1601","1601","262","16","1","-71.11162341","42.30148404","None","2025-05-01T19:46:10-04:00","IN_TRANSIT_TO","","","31","875"
"y1694","1694","180","26","0","-71.08522354","42.30364651","None","2025-05-01T19:45:39-04:00","STOPPED_AT","","","14","415"
"y2002","2002","290","8","1","-71.008622869","42.40893224","None","2025-05-01T19:46:09-04:00","STOPPED_AT","","","110","5788"
"y1705","1705","64","6","1","-71.10455272","42.30940269","None","2025-05-01T19:46:08-04:00","IN_TRANSIT_TO","","","42","5236"
"y1332","1332","303","1","0","-71.05635141","42.35078348","None","2025-05-01T19:44:46-04:00","STOPPED_AT","","","741","74611"
"y1796","1796","0","34","1","-71.07525","42.34599","None","2025-05-01T19:46:07-04:00","IN_TRANSIT_TO","","","10","11384"
"y3282","3282","59","25","0","-71.13543232","42.35440289","None","2025-05-01T19:46:06-04:00","IN_TRANSIT_TO","","","66","1112"
"y1799","1799","135","2","0","-71.0901","42.3351","None","2025-05-01T19:46:09-04:00","IN_TRANSIT_TO","","","44","11257"
"R-5482D370","1811","150","170","0","-71.06382","42.28456","None","2025-05-01T19:45:50-04:00","STOPPED_AT","","","Red","70093"
"y2062","2062","328","13","0","-71.11350713","42.38573993","None","2025-05-01T19:46:08-04:00","IN_TRANSIT_TO","","","87","2622"
"y1784","1784","141","3","0","-71.09499371","42.33106285","None","2025-05-01T19:46:07-04:00","STOPPED_AT","","","22","1258"
"y3246","3246","260","11","0","-71.13411426","42.353307309","None","2025-05-01T19:46:09-04:00","STOPPED_AT","","","57","964"
"B-5482D376","0700","170","20","0","-70.99231","42.40633","None","2025-05-01T19:45:52-04:00","INCOMING_AT","","","Blue","70055"
"y1322","1322","180","1","1","-71.025271","42.361472","None","2025-05-01T19:46:08-04:00","STOPPED_AT","","","741","17091"
"1833","1833","None","110","1","-71.07555389404297","42.347564697265625","4.9","2025-05-01T19:45:42-04:00","STOPPED_AT","","","CR-Worcester","WML-0012-05"
"G-10378","3920-3905","45","90","1","-71.13158","42.35013","5.2","2025-05-01T19:46:02-04:00","STOPPED_AT","","","Green-B","70130"
"G-10289","3702-3824","105","560","1","-71.08758","42.34802","None","2025-05-01T19:45:59-04:00","INCOMING_AT","","","Green-D","70152"
"y1840","1840","284","6","0","-71.08433435","42.3295892","None","2025-05-01T19:46:04-04:00","STOPPED_AT","","","15","64000"
"y1325","1325","309","1","0","-71.05540138","42.35248277","None","2025-05-01T19:45:39-04:00","STOPPED_AT","","","742","74611"
"y1901","1901","216","36","0","-71.062600309","42.3260234","None","2025-05-01T19:46:11-04:00","STOPPED_AT","","","8","11244"
"G-10363","3677-3866","285","120","0","-71.08631","42.34791","None","2025-05-01T19:45:56-04:00","STOPPED_AT","","","Green-D","70153"
"y1779","1779","225","5","0","-71.10235","42.34362","None","2025-05-01T19:46:08-04:00","STOPPED_AT","","","65","1520"
"y0882","0882","270","1","1","-71.0766544","42.4026962","None","2025-05-01T19:44:18-04:00","STOPPED_AT","","","112","52716"
"y3320","3320","45","2","0","-71.03898","42.36987","None","2025-05-01T19:46:07-04:00","IN_TRANSIT_TO","","","116","5742"
"y3102","3102","24","15","0","-70.96928866","42.4595252","None","2025-05-01T19:46:11-04:00","STOPPED_AT","","","455","4522"
"y0778","0778","135","1","1","-70.8843955","42.2441404","None","2025-05-01T19:46:08-04:00","STOPPED_AT","","","220","3582"
"y1306","1306","318","6","0","-71.0228452","42.38326797","None","2025-05-01T19:46:10-04:00","IN_TRANSIT_TO","","","743","74637"
"y0884","0884","322","56","0","-71.158073259","42.50149261","None","2025-05-01T19:46:08-04:00","IN_TRANSIT_TO","","","134","9134"
"y0871","0871","270","1","0","-71.1217238","42.3966085","None","2025-05-01T19:46:04-04:00","STOPPED_AT","","","94","5104"
"y0762","0762","180","1","1","-71.0414587","42.1616626","None","2025-05-01T19:45:36-04:00","STOPPED_AT","","","238","4277"
"y1610","1610","0","1","0","-71.11441","42.29951","None","2025-05-01T19:45:27-04:00","STOPPED_AT","","","34","10642"
"y1262","1262","135","16","0","-71.08276446","42.30967076","None","2025-05-01T19:45:34-04:00","IN_TRANSIT_TO","","","28","413"
"y1214","1214","128","2","0","-71.09238878","42.33121416","None","2025-05-01T19:46:09-04:00","STOPPED_AT","","","28","11257"
"G-10230","3861-3684","90","410","1","-71.12112","42.33149","10.1","2025-05-01T19:46:06-04:00","INCOMING_AT","","","Green-D","70180"
"1837","1837","15","80","1","-71.02751922607422","42.15599822998047","15.6","2025-05-01T19:45:40-04:00","STOPPED_AT","","","CR-NewBedford","MM-0150-S"
"G-10407","3916-3921","30","610","1","-71.06243","42.35614","None","2025-05-01T19:44:40-04:00","IN_TRANSIT_TO","","","Green-D","70201"
"y3291","3291","237","17","0","-71.151973929","42.34907047","None","2025-05-01T19:46:04-04:00","STOPPED_AT","","","57","972"
"y1643","1643","317","14","1","-71.13371258","42.28119466","None","2025-05-01T19:46:08-04:00","STOPPED_AT","","","40","633"
"O-5482CE5E","1508","20","180","1","-71.07428","42.42668","None","2025-05-01T19:45:22-04:00","STOPPED_AT","","","Orange","70035"
"y2054","2054","180","18","1","-71.11075503","42.41376849","None","2025-05-01T19:46:05-04:00","STOPPED_AT","","","101","5290"
"y1869","1869","270","5","0","-71.06975","42.35139","None","2025-05-01T19:46:04-04:00","IN_TRANSIT_TO","","","501","177"
"y1849","1849","284","6","0","-71.0843445","42.32964933","None","2025-05-01T19:46:09-04:00","IN_TRANSIT_TO","","","44","64000"
"y1696","1696","195","10","0","-71.09243517","42.281529489","None","2025-05-01T19:46:10-04:00","STOPPED_AT","","","31","1713"
"y1942","1942","297","16","0","-71.06387296","42.37950557","None","2025-05-01T19:46:08-04:00","STOPPED_AT","","","93","2863"
"y1792","1792","292","10","1","-71.08469049","42.29395656","None","2025-05-01T19:46:08-04:00","IN_TRANSIT_TO","","","22","378"
"y1293","1293","210","11","0","-71.080892869","42.33327142","None","2025-05-01T19:46:06-04:00","IN_TRANSIT_TO","","","749","61"
"y1988","1988","172","1","0","-71.07668402","42.403051019","None","2025-05-01T19:46:09-04:00","STOPPED_AT","","","110","52713"
"y1936","1936","159","18","1","-71.12117428","42.39406572","None","2025-05-01T19:46:10-04:00","IN_TRANSIT_TO","","","87","2583"
"1847","1847","None","60","0","-70.86881256103516","42.244956970214844","None","2025-05-01T19:45:29-04:00","STOPPED_AT","","","CR-Greenbush","GRB-0183-S"
"y3318","3318","120","52","1","-70.94346041","42.46247623","None","2025-05-01T19:46:10-04:00","IN_TRANSIT_TO","","","436","14748"
"G-10157","3639-3859","35","610","1","-71.05945","42.35927","None","2025-05-01T19:44:18-04:00","STOPPED_AT","","","Green-C","70201"
"G-10037","3864-3608","301","690","1","-71.10163","42.39018","17.1","2025-05-01T19:46:09-04:00","INCOMING_AT","","","Green-E","70507"
"y2019","2019","311","15","0","-71.13894975","42.40312498","None","2025-05-01T19:46:11-04:00","STOPPED_AT","","","77","2275"
"y1671","1671","11","12","1","-71.08973424","42.28909072","None","2025-05-01T19:46:10-04:00","IN_TRANSIT_TO","","","29","1734"
"y1699","1699","45","61","1","-71.15726","42.26093","None","2025-05-01T19:46:04-04:00","STOPPED_AT","","","34E","621"
"1715","1715","None","120","0","-71.15306091308594","42.701637268066406","None","2025-05-01T19:44:48-04:00","STOPPED_AT","","","CR-Haverhill","WR-0264-02"
"y3200","3200","99","16","1","-71.157504059","42.34915686","None","2025-05-01T19:46:01-04:00","STOPPED_AT","","","57","917"
"1713","1713","None","70","0","-71.30852508544922","42.62862014770508","4.5","2025-05-01T19:45:38-04:00","IN_TRANSIT_TO","","","CR-Lowell","NHRML-0254-04"
"y2093","2093","12","1","1","-71.18524231","42.42494368","None","2025-05-01T19:44:27-04:00","STOPPED_AT","","","77","7922"
"y1944","1944","76","4","0","-71.10567923","42.37849095","None","2025-05-01T19:46:07-04:00","IN_TRANSIT_TO","","","109","2570"
"G-10287","3901-3910","105","570","1","-71.08627","42.34788","None","2025-05-01T19:45:53-04:00","IN_TRANSIT_TO","","","Green-C","70154"
"y2072","2072","180","1","1","-70.99177","42.41242","None","2025-05-01T19:46:05-04:00","STOPPED_AT","","","110","15797"
"O-5482CE2C","1442","355","150","1","-71.07695","42.38425","None","2025-05-01T19:46:09-04:00","STOPPED_AT","","","Orange","70031"
"y1857","1857","1","1","0","-71.05681549","42.32022157","None","2025-05-01T19:45:59-04:00","STOPPED_AT","","","16","13"
"y1261","1261","304","21","0","-71.087624969","42.29660298","None","2025-05-01T19:45:51-04:00","IN_TRANSIT_TO","","","28","419"
"y1996","1996","273","30","0","-71.069365899","42.425456","None","2025-05-01T19:46:12-04:00","IN_TRANSIT_TO","","","104","15431"
"y3144","3144","188","30","1","-71.11943794","42.38477941","None","2025-05-01T19:46:09-04:00","IN_TRANSIT_TO","","","77","2304"
"G-10374","3878-3668","331","710","1","-71.1173","42.40839","3.7","2025-05-01T19:46:05-04:00","STOPPED_AT","","","Green-E","70511"
"y2003","2003","81","15","1","-71.22568604","42.377705269","None","2025-05-01T19:46:11-04:00","STOPPED_AT","","","70","8671"
"y1782","1782","315","1","1","-71.11713","42.373","None","2025-05-01T19:46:04-04:00","STOPPED_AT","","","1","110"
"1823","1823","39","20","1","-71.06562042236328","41.787506103515625","25.5","2025-05-01T19:45:34-04:00","IN_TRANSIT_TO","","","CR-NewBedford","NBM-0374-01"
"y1655","1655","31","25","1","-71.11489355","42.297953699","None","2025-05-01T19:46:12-04:00","IN_TRANSIT_TO","","","32","875"
"1855","1855","None","70","0","-71.10978698730469","42.12686538696289","4.0","2025-05-01T19:45:45-04:00","IN_TRANSIT_TO","","","CR-Providence","SB-0189-S"
"y2069","2069","123","51","1","-71.098819219","42.36253824","None","2025-05-01T19:46:10-04:00","STOPPED_AT","","","70","73"
"y1833","1833","0","1","0","-71.05786","42.33036","None","2025-05-01T19:46:04-04:00","STOPPED_AT","","","16","13"
"R-5482D1A1","1520","175","20","0","-71.11925","42.39202","None","2025-05-01T19:45:54-04:00","INCOMING_AT","","","Red","70065"
"y1255","1255","180","29","0","-71.09349","42.27798","None","2025-05-01T19:45:16-04:00","IN_TRANSIT_TO","","","28","1716"
"y1320","1320","299","1","0","-71.05609031","42.351186","None","2025-05-01T19:45:52-04:00","STOPPED_AT","","","743","74611"
"y1803","1803","89","1","1","-71.03168424","42.33856931","None","2025-05-01T19:46:05-04:00","STOPPED_AT","","","11","33"
"y2043","2043","329","7","0","-71.14739631","42.40994116","None","2025-05-01T19:46:10-04:00","STOPPED_AT","","","350","2279"
"y1746","1746","90","1","0","-71.05751899","42.33029467","None","2025-05-01T19:43:38-04:00","STOPPED_AT","","","16","13"
"y1966","1966","161","16","1","-71.00799915","42.45403024","None","2025-05-01T19:46:10-04:00","IN_TRANSIT_TO","","","430","7513"
"G-10231","3857-3686","215","50","0","-71.05951","42.35929","None","2025-05-01T19:45:54-04:00","IN_TRANSIT_TO","","","Green-B","70196"
"y1969","1969","121","1","0","-71.07926852","42.37229711","None","2025-05-01T19:46:10-04:00","STOPPED_AT","","","69","70500"
"G-10069","3844-3660","225","420","0","-71.14145","42.33787","5.2","2025-05-01T19:45:33-04:00","STOPPED_AT","","","Green-C","70233"
"R-5482CCC0","1504","10","1","1","-71.00156","42.20749","None","2025-05-01T19:42:44-04:00","STOPPED_AT","","","Red","Braintree-01"
"y0773","0773","199","2","0","-71.064420369","42.284621309","None","2025-05-01T19:46:11-04:00","IN_TRANSIT_TO","","","240","536"
"y3306","3306","110","37","0","-70.97568247","42.458070529","None","2025-05-01T19:46:07-04:00","STOPPED_AT","","","426","7451"
"G-10320","3618-3852","90","370","1","-71.16462","42.32672","5.1","2025-05-01T19:45:20-04:00","STOPPED_AT","","","Green-D","70172"
"y1304","1304","95","5","1","-71.02968722","42.3742789","None","2025-05-01T19:46:10-04:00","STOPPED_AT","","","743","7097"
"y3131","3131","181","15","1","-71.122039009","42.41169168","None","2025-05-01T19:46:01-04:00","STOPPED_AT","","","80","2376"
"G-10384","3811-3681","240","100","0","-71.07085","42.35188","None","2025-05-01T19:45:52-04:00","STOPPED_AT","","","Green-B","70157"
"y2008","2008","90","1","0","-71.07607","42.40247","None","2025-05-01T19:45:35-04:00","STOPPED_AT","","","106","52712"
"y1600","1600","61","13","1","-71.116059009","42.27861296","None","2025-05-01T19:46:06-04:00","STOPPED_AT","","","30","96459"
"y3247","3247","98","33","1","-71.10034867","42.34917246","None","2025-05-01T19:46:09-04:00","IN_TRANSIT_TO","","","57","941"
"y2053","2053","347","3","0","-71.08889644","42.37771847","None","2025-05-01T19:46:11-04:00","STOPPED_AT","","","88","2607"
"y1818","1818","180","10","0","-71.0752","42.32512","None","2025-05-01T19:46:04-04:00","STOPPED_AT","","","45","1577"
"y1828","1828","332","21","1","-71.070826909","42.34663373","None","2025-05-01T19:46:11-04:00","IN_TRANSIT_TO","","","9","36540"
"y3312","3312","244","15","1","-71.03807568","42.37519701","None","2025-05-01T19:46:08-04:00","STOPPED_AT","","","120","5854"
"y1318","1318","334","9","1","-71.04343459","42.34873432","None","2025-05-01T19:46:01-04:00","IN_TRANSIT_TO","","","742","74616"
"y3341","3341","269","21","1","-70.94505064","42.54812056","None","2025-05-01T19:46:10-04:00","IN_TRANSIT_TO","","","435","4561"
"R-5482D124","1828","170","180","0","-71.05206","42.31602","None","2025-05-01T19:45:41-04:00","IN_TRANSIT_TO","","","Red","70097"
"y1637","1637","45","1","0","-71.11424","42.29971","None","2025-05-01T19:45:28-04:00","STOPPED_AT","","","34E","10642"
"y3128","3128","108","25","1","-71.09783996","42.3680785","None","2025-05-01T19:46:10-04:00","IN_TRANSIT_TO","","","64","24483"
"y2071","2071","59","10","0","-71.07937114","42.41420028","None","2025-05-01T19:46:10-04:00","STOPPED_AT","","","108","9050"
"y1418","1418","338","34","0","-71.18976036","42.48536265","None","2025-05-01T19:45:41-04:00","IN_TRANSIT_TO","","","354","1691"
"R-5482D01B","1906","130","100","0","-71.05553","42.35145","None","2025-05-01T19:45:32-04:00","IN_TRANSIT_TO","","","Red","70081"
"y0812","0812","174","21","0","-70.96521644","42.20717986","None","2025-05-01T19:46:10-04:00","IN_TRANSIT_TO","","","225","3808"
"B-5482D6BE","0739","275","90","0","-71.0574","42.35889","None","2025-05-01T19:45:43-04:00","STOPPED_AT","","","Blue","70041"
"y0828","0828","210","23","0","-71.02462058","42.24006351","None","2025-05-01T19:46:12-04:00","IN_TRANSIT_TO","","","238","1639"
"y2009","2009","71","35","1","-71.16714363","42.36389304","None","2025-05-01T19:45:40-04:00","IN_TRANSIT_TO","","","70","1436"
"y1804","1804","131","1","0","-71.103815759","42.36531739","None","2025-05-01T19:46:07-04:00","STOPPED_AT","","","15","17863"
"y1421","1421","153","41","0","-71.02059257","42.45542063","None","2025-05-01T19:46:09-04:00","STOPPED_AT","","","429","7559"
"y1816","1816","322","4","0","-71.06049574","42.35048735","None","2025-05-01T19:46:08-04:00","IN_TRANSIT_TO","","","504","9983"
"y3328","3328","180","29","1","-71.03918","42.37693","None","2025-05-01T19:46:07-04:00","STOPPED_AT","","","116","5734"
"y1267","1267","275","35","1","-71.09278841","42.33136966","None","2025-05-01T19:46:09-04:00","IN_TRANSIT_TO","","","28","21148"
"1844","1844","232","60","1","-70.96669006347656","42.22209930419922","13.0","2025-05-01T19:45:52-04:00","IN_TRANSIT_TO","","","CR-Greenbush","GRB-0118-S"
"y1653","1653","14","28","0","-71.15766038","42.29566673","None","2025-05-01T19:46:11-04:00","IN_TRANSIT_TO","","","51","1890"
"y2022","2022","316","38","1","-71.09685508","42.379620269","None","2025-05-01T19:46:00-04:00","STOPPED_AT","","","109","2613"
"y0800","0800","154","38","0","-71.06172143","42.19874997","None","2025-05-01T19:46:11-04:00","IN_TRANSIT_TO","","","240","4166"
"R-5482CFAE","1873","310","180","1","-71.10401","42.36554","None","2025-05-01T19:44:46-04:00","STOPPED_AT","","","Red","70070"
"y3331","3331","188","12","1","-70.87873853","42.55284119","None","2025-05-01T19:46:10-04:00","STOPPED_AT","","","451","7128"
"G-10391","3868-3659","315","520","0","-71.17516","42.32834","3.7","2025-05-01T19:46:06-04:00","IN_TRANSIT_TO","","","Green-D","70171"
"y1935","1935","333","4","0","-71.11925896","42.38503844","None","2025-05-01T19:46:10-04:00","STOPPED_AT","","","77","2314"
"y0862","0862","285","3","0","-71.02659747","42.38826445","None","2025-05-01T19:46:10-04:00","IN_TRANSIT_TO","","","104","5675"
"y3261","3261","205","11","0","-71.0841304","42.330188309","None","2025-05-01T19:46:09-04:00","IN_TRANSIT_TO","","","47","64"
"y1975","1975","220","11","1","-71.154159289","42.41476054","None","2025-05-01T19:46:11-04:00","IN_TRANSIT_TO","","","67","23535"
"y1280","1280","210","11","0","-71.08041678","42.33371652","None","2025-05-01T19:46:08-04:00","IN_TRANSIT_TO","","","749","61"
"y0788","0788","95","12","0","-70.97051819","42.24515324","None","2025-05-01T19:46:09-04:00","IN_TRANSIT_TO","","","220","3527"
"G-10035","3626-3872","331","710","1","-71.1118","42.40108","6.3","2025-05-01T19:46:10-04:00","IN_TRANSIT_TO","","","Green-E","70511"
"y1258","1258","320","9","1","-71.112106839","42.32187007","None","2025-05-01T19:46:10-04:00","STOPPED_AT","","","39","6570"
"y1981","1981","208","15","1","-71.15213381","42.35142297","None","2025-05-01T19:46:10-04:00","STOPPED_AT","","","86","1083"
"ynk346","346","338","None","None","-71.07267046","42.35016073","None","2025-05-01T19:21:10-04:00","IN_TRANSIT_TO","","","Shuttle-Generic",""
"y0768","0768","180","1","1","-71.0051882","42.251994","None","2025-05-01T19:45:09-04:00","STOPPED_AT","","","215","32003"
"y1440","1440","17","40","0","-71.09482306","42.44764033","None","2025-05-01T19:46:12-04:00","IN_TRANSIT_TO","","","99","15058"
"y1928","1928","225","1","0","-71.02926","42.37496","None","2025-05-01T19:46:04-04:00","STOPPED_AT","","","104","7096"
"y1276","1276","71","4","0","-71.063014039","42.34952153","None","2025-05-01T19:46:06-04:00","IN_TRANSIT_TO","","","751","49003"
"O-5482D5EE","1462","355","110","1","-71.05775","42.35881","None","2025-05-01T19:45:26-04:00","STOPPED_AT","","","Orange","70023"
"y1875","1875","238","19","0","-71.08743102","42.30221778","None","2025-05-01T19:46:10-04:00","IN_TRANSIT_TO","","","16","11587"
"O-5482D392","1446","120","50","0","-71.07041","42.37376","None","2025-05-01T19:45:27-04:00","STOPPED_AT","","","Orange","70028"
"y1870","1870","63","1","0","-71.07837853","42.35013568","None","2025-05-01T19:46:07-04:00","STOPPED_AT","","","9","175"
"1711","1711","250","30","0","-71.17796325683594","42.3956298828125","11.6","2025-05-01T19:45:29-04:00","IN_TRANSIT_TO","","","CR-Fitchburg","FR-0074-01"
"y2091","2091","214","14","1","-71.0477186","42.41588309","None","2025-05-01T19:46:10-04:00","IN_TRANSIT_TO","","","109","5487"
"y1678","1678","225","27","0","-71.16498601","42.25504372","None","2025-05-01T19:46:11-04:00","IN_TRANSIT_TO","","","34","10835"
"y1967","1967","254","49","0","-71.26590562","42.45839672","None","2025-05-01T19:46:10-04:00","IN_TRANSIT_TO","","","76","85231"
"y1339","1339","308","1","0","-71.05560903","42.35225476","None","2025-05-01T19:45:42-04:00","STOPPED_AT","","","741","74611"
"y2066","2066","120","14","1","-71.087303149","42.38909201","None","2025-05-01T19:46:11-04:00","IN_TRANSIT_TO","","","89","2710"
"G-10101","3802-3689","45","490","1","-71.10324","42.33478","None","2025-05-01T19:45:59-04:00","STOPPED_AT","","","Green-E","70250"
"y0776","0776","41","4","0","-70.9969563","42.25515576","None","2025-05-01T19:46:07-04:00","STOPPED_AT","","","216","3425"
"O-5482C917","1504","185","1","0","-71.0708","42.43772","None","2025-05-01T19:42:34-04:00","IN_TRANSIT_TO","","","Orange","Oak Grove-01"
"G-10235","3814","45","220","1","-71.13568","42.3392","4.8","2025-05-01T19:46:00-04:00","INCOMING_AT","","","Green-C","70230"
"y3284","3284","123","5","0","-71.09335043","42.33137343","None","2025-05-01T19:46:09-04:00","STOPPED_AT","","","66","21148"
"R-5482CAAA","1814","135","190","0","-71.02866","42.27433","None","2025-05-01T19:46:02-04:00","INCOMING_AT","","","Red","70099"
"y1973","1973","331","16","0","-71.10411085","42.39697858","None","2025-05-01T19:46:09-04:00","STOPPED_AT","","","80","2404"
"y1985","1985","77","51","0","-71.21490225","42.48546907","None","2025-05-01T19:46:09-04:00","IN_TRANSIT_TO","","","350","18245"
"y0893","0893","225","10","1","-71.04614841","42.43377847","None","2025-05-01T19:45:34-04:00","STOPPED_AT","","","106","5436"
"y1718","1718","3","1","1","-71.114627119","42.30385032","None","2025-05-01T19:46:10-04:00","STOPPED_AT","","","41","11939"
"y1898","1898","217","2","0","-71.09761041","42.348140059","None","2025-05-01T19:46:12-04:00","IN_TRANSIT_TO","","","60","8993"
"y0783","0783","280","50","1","-70.99369869","42.24986711","None","2025-05-01T19:46:11-04:00","STOPPED_AT","","","222","3635"
"y2094","2094","324","21","1","-71.03814849","42.39142003","None","2025-05-01T19:46:10-04:00","IN_TRANSIT_TO","","","111","5607"
"y2099","2099","135","43","0","-71.23372915","42.37677131","None","2025-05-01T19:46:06-04:00","IN_TRANSIT_TO","","","70","88333"
"y3228","3228","253","10","0","-71.21666225","42.35017571","None","2025-05-01T19:46:09-04:00","STOPPED_AT","","","553","7647"
"y0804","0804","187","3","0","-71.06097289","42.29801758","None","2025-05-01T19:46:08-04:00","STOPPED_AT","","","201","325"
"y1801","1801","125","15","0","-71.085229789","42.30527197","None","2025-05-01T19:46:11-04:00","IN_TRANSIT_TO","","","22","415"
"R-5482D643","1875","275","220","1","-71.12604","42.39751","None","2025-05-01T19:46:05-04:00","IN_TRANSIT_TO","","","Red","70061"
"G-10390","3845-3696","225","510","0","-71.14978","42.33479","3.0","2025-05-01T19:46:03-04:00","IN_TRANSIT_TO","","","Green-D","70173"
"y1271","1271","193","4","0","-71.08063964","42.346122","None","2025-05-01T19:46:10-04:00","IN_TRANSIT_TO","","","39","11388"
"y3276","3276","0","1","1","-71.18549","42.36371","None","2025-05-01T19:45:17-04:00","STOPPED_AT","","","57","900"
"y0822","0822","34","23","1","-71.03372765","42.254757449","None","2025-05-01T19:46:11-04:00","STOPPED_AT","","","215","3352"
"O-5482CBA3","1474","40","60","1","-71.08795","42.33776","None","2025-05-01T19:45:52-04:00","INCOMING_AT","","","Orange","70013"
"y2107","2107","270","1","0","-71.12292","42.37261","None","2025-05-01T19:46:05-04:00","STOPPED_AT","","","109","76125"
"y1781","1781","315","28","0","-71.11002","42.35063","None","2025-05-01T19:46:05-04:00","STOPPED_AT","","","47","1810"
"G-10349","3713","135","330","1","-71.23383","42.32802","13.4","2025-05-01T19:46:09-04:00","INCOMING_AT","","","Green-D","70164"
"G-10417","3631-3836","270","310","0","-71.16587","42.34006","None","2025-05-01T19:45:49-04:00","INCOMING_AT","","","Green-B","70107"
"R-548296B8","1833","95","10","0","-71.12587","42.3974","None","2025-05-01T19:46:09-04:00","INCOMING_AT","","","Red","70063"
"y1986","1986","136","5","0","-71.06264477","42.42868886","None","2025-05-01T19:46:10-04:00","IN_TRANSIT_TO","","","411","5459"
"y1316","1316","120","6","0","-71.03344937","42.34573417","None","2025-05-01T19:46:11-04:00","IN_TRANSIT_TO","","","742","30249"
"y1623","1623","188","31","0","-71.11443067","42.311528209","None","2025-05-01T19:46:11-04:00","IN_TRANSIT_TO","","","41","11164"
"y0774","0774","90","1","1","-71.0276373","42.1563226","None","2025-05-01T19:45:36-04:00","STOPPED_AT","","","240","4255"
"y1914","1914","15","1","0","-71.05966114","42.354447419","None","2025-05-01T19:46:08-04:00","STOPPED_AT","","","11","16538"
"y2028","2028","180","1","0","-71.05721","42.35698","None","2025-05-01T19:45:26-04:00","STOPPED_AT","","","92","6548"
"1800","1800","None","30","1","-71.14407348632812","42.516265869140625","None","2025-05-01T19:45:45-04:00","STOPPED_AT","","","CR-Lowell","NHRML-0127-02"
"y3353","3353","172","26","1","-71.02500999","42.463500689","None","2025-05-01T19:46:10-04:00","IN_TRANSIT_TO","","","429","7529"
"y1614","1614","14","16","1","-71.15467533","42.28628943","None","2025-05-01T19:46:12-04:00","STOPPED_AT","","","37","784"
"G-10049","3652-3834","60","590","1","-71.07081","42.3518","None","2025-05-01T19:44:58-04:00","IN_TRANSIT_TO","","","Green-E","70158"
"1805","1805","24","50","0","-70.8996353149414","42.50520324707031","17.4","2025-05-01T19:45:44-04:00","IN_TRANSIT_TO","","","CR-Newburyport","ER-0168-S"
"1812","1812","209","100","1","-70.98834991455078","42.42467498779297","30.8","2025-05-01T19:45:37-04:00","IN_TRANSIT_TO","","","CR-Newburyport","ER-0042-02"
"y1995","1995","270","1","0","-71.23564","42.3745","None","2025-05-01T19:45:33-04:00","STOPPED_AT","","","61","86944"
"y2097","2097","253","2","0","-71.08893729","42.36286087","None","2025-05-01T19:46:10-04:00","STOPPED_AT","","","85","12232"
"y1948","1948","8","21","0","-71.05976579","42.40247675","None","2025-05-01T19:46:11-04:00","IN_TRANSIT_TO","","","109","5565"
"G-10385","3908-3904","0","None","1","-71.25295","42.3377","2.5","2025-05-01T19:45:39-04:00","IN_TRANSIT_TO","","","Green-C",""
"y3155","3155","253","14","0","-71.16284555","42.376871919","None","2025-05-01T19:46:06-04:00","STOPPED_AT","","","73","2123"
"y1337","1337","88","5","0","-71.024557","42.363277","None","2025-05-01T19:46:11-04:00","IN_TRANSIT_TO","","","741","17091"
"y1994","1994","223","20","1","-71.03565641","42.39171375","None","2025-05-01T19:46:08-04:00","IN_TRANSIT_TO","","","111","5606"
"dLF 958","LF 958","98","1","0","-70.88384263","42.2442234","None","2025-05-01T19:43:32-04:00","STOPPED_AT","","","714","3582"
"y3151","3151","143","10","1","-71.11724492","42.38744101","None","2025-05-01T19:46:10-04:00","STOPPED_AT","","","83","2431"
"y1886","1886","189","22","0","-71.08482773","42.30532307","None","2025-05-01T19:46:09-04:00","STOPPED_AT","","","45","414"
"G-10123","3643","135","160","1","-71.10533","42.34983","5.8","2025-05-01T19:45:45-04:00","INCOMING_AT","","","Green-B","70146"
"y1441","1441","339","31","0","-71.069476249","42.511164919","None","2025-05-01T19:46:12-04:00","IN_TRANSIT_TO","","","137","9279"
"O-5482D36D","1506","30","1","1","-71.11384","42.30122","None","2025-05-01T19:43:43-04:00","STOPPED_AT","","","Orange","Forest Hills-02"
"1810","1810","165","90","1","-71.06987762451172","42.4589729309082","7.6","2025-05-01T19:45:40-04:00","STOPPED_AT","","","CR-Haverhill","WR-0067-02"
"y3156","3156","296","23","0","-71.12290319","42.37258512","None","2025-05-01T19:46:10-04:00","IN_TRANSIT_TO","","","86","2074"
"G-10416","3717-3870","45","260","1","-71.12198","42.34195","4.3","2025-05-01T19:46:10-04:00","STOPPED_AT","","","Green-C","70220"
"ynk218","218","217","None","None","-71.04468582","42.33870747","None","2025-05-01T19:45:41-04:00","IN_TRANSIT_TO","","","Shuttle-Generic",""
"y1918","1918","294","7","0","-71.08438517","42.32972955","None","2025-05-01T19:45:56-04:00","IN_TRANSIT_TO","","","23","40001"
"R-5482CC57","1916","125","40","0","-71.1083","42.36804","None","2025-05-01T19:45:56-04:00","INCOMING_AT","","","Red","70069"
"y1344","1344","154","6","1","-71.043207","42.348284","None","2025-05-01T19:46:08-04:00","IN_TRANSIT_TO","","","741","17096"
"y1879","1879","168","16","0","-71.06596013","42.31468245","None","2025-05-01T19:46:12-04:00","STOPPED_AT","","","15","1504"
"y3270","3270","346","14","1","-71.08265692","42.30778053","None","2025-05-01T19:46:09-04:00","STOPPED_AT","","","23","470"
"y1265","1265","191","20","0","-71.11415646","42.31391414","None","2025-05-01T19:46:05-04:00","IN_TRANSIT_TO","","","39","1164"
"y1216","1216","180","1","1","-71.11413","42.29962","None","2025-05-01T19:45:28-04:00","STOPPED_AT","","","39","10642"
"y3236","3236","180","4","1","-71.09828","42.31604","None","2025-05-01T19:45:01-04:00","IN_TRANSIT_TO","","","44","10413"
"y1904","1904","83","16","1","-71.0819853","42.34056619","None","2025-05-01T19:46:01-04:00","IN_TRANSIT_TO","","","1","84"
"G-10268","3907-3919","105","570","1","-71.08627","42.34788","None","2025-05-01T19:44:51-04:00","INCOMING_AT","","","Green-B","70154"
"ynk224","224","356","None","None","-71.06497317","42.203022019","None","2025-05-01T19:45:16-04:00","IN_TRANSIT_TO","","","Shuttle-Generic",""
"y3264","3264","21","12","0","-71.24561158","42.35255321","None","2025-05-01T19:46:10-04:00","STOPPED_AT","","","505","7835"
"y2056","2056","135","19","1","-71.05716","42.3575","None","2025-05-01T19:46:04-04:00","STOPPED_AT","","","93","204"
"y3225","3225","136","15","1","-71.13102097","42.35055856","None","2025-05-01T19:45:41-04:00","STOPPED_AT","","","66","1302"
"y1402","1402","315","2","1","-71.10765","42.4186","None","2025-05-01T19:46:04-04:00","STOPPED_AT","","","94","5002"
"y3136","3136","315","1","0","-71.05791","42.36202","None","2025-05-01T19:45:30-04:00","STOPPED_AT","","","111","8309"
"y2112","2112","310","2","0","-71.056040589","42.362670209","None","2025-05-01T19:46:10-04:00","IN_TRANSIT_TO","","","111","2832"
"y1933","1933","332","7","0","-71.15398375","42.34744817","None","2025-05-01T19:46:08-04:00","IN_TRANSIT_TO","","","86","1026"
"y1862","1862","233","4","0","-71.06652883","42.350871339","None","2025-05-01T19:46:00-04:00","STOPPED_AT","","","501","9983"
"y3218","3218","164","1","1","-71.17800758","42.321976239","None","2025-05-01T19:46:11-04:00","STOPPED_AT","","","60","19661"
"y3289","3289","123","27","0","-71.06723637","42.28906259","None","2025-05-01T19:46:09-04:00","IN_TRANSIT_TO","","","23","428"
"y3330","3330","33","21","0","-71.01237113","42.409843969","None","2025-05-01T19:46:11-04:00","IN_TRANSIT_TO","","","116","5763"
"y2080","2080","111","15","0","-71.0313233","42.41518412","None","2025-05-01T19:46:10-04:00","IN_TRANSIT_TO","","","110","5578"
"y3113","3113","351","1","0","-71.05873488","42.362055849","None","2025-05-01T19:46:10-04:00","STOPPED_AT","","","450","117"
"y1786","1786","144","20","0","-71.07632515","42.30096028","None","2025-05-01T19:46:09-04:00","IN_TRANSIT_TO","","","23","477"
"y1882","1882","0","1","0","-71.05616","42.35525","None","2025-05-01T19:46:04-04:00","STOPPED_AT","","","504","6551"
"y2103","2103","62","2","1","-71.183534449","42.365664789","None","2025-05-01T19:46:06-04:00","STOPPED_AT","","","71","2048"
"1804","1804","111","20","1","-71.7703857421875","42.569339752197266","13.9","2025-05-01T19:45:23-04:00","IN_TRANSIT_TO","","","CR-Fitchburg","FR-0451-02"
"y3002","3002","160","24","0","-70.97017304","42.35824549","None","2025-05-01T19:46:10-04:00","STOPPED_AT","","","712","109849"
"y1712","1712","124","3","0","-71.107209","42.30075228","None","2025-05-01T19:46:10-04:00","IN_TRANSIT_TO","","","21","11521"
"1724","1724","None","0","1","-70.6274185180664","42.65510177612305","None","2025-05-01T19:45:34-04:00","STOPPED_AT","","","CR-Newburyport","GB-0353-S"
"y3327","3327","270","6","0","-71.00237","42.41653","None","2025-05-01T19:46:04-04:00","STOPPED_AT","","","455","35704"
"y2070","2070","44","22","0","-71.05640764","42.42355999","None","2025-05-01T19:46:06-04:00","IN_TRANSIT_TO","","","105","5419"
"G-10270","3645-3848","60","580","1","-71.07748","42.34997","None","2025-05-01T19:45:02-04:00","INCOMING_AT","","","Green-C","70156"
"y2058","2058","331","4","0","-71.05767525","42.404926","None","2025-05-01T19:45:45-04:00","IN_TRANSIT_TO","","","110","5695"
"y1425","1425","35","16","0","-70.97089821","42.45801703","None","2025-05-01T19:46:10-04:00","STOPPED_AT","","","450","4521"
"y1892","1892","0","1","1","-71.03189","42.33861","None","2025-05-01T19:46:04-04:00","STOPPED_AT","","","9","33"
"y1450","1450","57","25","0","-71.10081126","42.42003237","None","2025-05-01T19:46:06-04:00","STOPPED_AT","","","101","5321"
"y1654","1654","357","1","0","-71.05201836","42.32073508","None","2025-05-01T19:45:57-04:00","STOPPED_AT","","","41","121"
"y2108","2108","225","1","1","-71.07411","42.42616","None","2025-05-01T19:45:28-04:00","STOPPED_AT","","","104","53270"
"G-10423","3636-3890","270","130","0","-71.09528","42.34904","None","2025-05-01T19:45:20-04:00","STOPPED_AT","","","Green-C","70151"
"y1983","1983","225","1","0","-71.1217","42.37253","None","2025-05-01T19:46:05-04:00","STOPPED_AT","","","71","76124"
"y1841","1841","93","1","1","-71.06415944","42.28364936","None","2025-05-01T19:46:05-04:00","STOPPED_AT","","","23","334"
"y1900","1900","191","1","1","-71.23795642","42.36643303","None","2025-05-01T19:46:10-04:00","STOPPED_AT","","","57","900"
"y1622","1622","193","2","1","-71.17119198","42.25380631","None","2025-05-01T19:46:10-04:00","IN_TRANSIT_TO","","","34","10835"
"y1715","1715","67","31","0","-71.11798121","42.25254492","None","2025-05-01T19:46:12-04:00","IN_TRANSIT_TO","","","24","6392"
"y1665","1665","237","25","1","-71.1133601","42.30087098","None","2025-05-01T19:46:11-04:00","IN_TRANSIT_TO","","","32","875"
"y1863","1863","47","11","1","-71.067506809","42.30585312","None","2025-05-01T19:46:06-04:00","IN_TRANSIT_TO","","","17","1471"
"y1624","1624","293","2","0","-71.08436718","42.32876218","None","2025-05-01T19:46:08-04:00","IN_TRANSIT_TO","","","42","1178"
"y1606","1606","99","29","1","-71.0756851","42.27151472","None","2025-05-01T19:46:12-04:00","IN_TRANSIT_TO","","","24","588"
"y1953","1953","349","2","0","-71.118994479","42.37598888","None","2025-05-01T19:46:11-04:00","IN_TRANSIT_TO","","","73","2020"
"y0764","0764","180","25","1","-70.9964741","42.2559588","None","2025-05-01T19:46:04-04:00","IN_TRANSIT_TO","","","216","3289"
"y1452","1452","11","15","0","-71.11035965","42.41702549","None","2025-05-01T19:46:09-04:00","STOPPED_AT","","","95","5319"
"B-5482D37C","0785","200","1","0","-70.99167","42.41352","None","2025-05-01T19:46:08-04:00","STOPPED_AT","","","Blue","70059"
"y1972","1972","203","29","1","-71.07431081","42.38415318","None","2025-05-01T19:46:09-04:00","IN_TRANSIT_TO","","","109","29004"
"y1787","1787","45","27","1","-71.08204","42.33168","None","2025-05-01T19:46:04-04:00","IN_TRANSIT_TO","","","8","2"
"y1979","1979","163","21","1","-71.13668115","42.40099522","None","2025-05-01T19:46:08-04:00","IN_TRANSIT_TO","","","77","2268"
"y2029","2029","180","1","0","-71.14071","42.39505","None","2025-05-01T19:46:04-04:00","STOPPED_AT","","","627","141"
"y2088","2088","313","2","0","-71.058503429","42.36667958","None","2025-05-01T19:46:10-04:00","IN_TRANSIT_TO","","","426","7415"
"y0758","0758","218","48","1","-71.01125772","42.23224248","None","2025-05-01T19:46:09-04:00","IN_TRANSIT_TO","","","238","3943"
"y3235","3235","263","1","1","-71.24724743","42.34615439","None","2025-05-01T19:46:09-04:00","STOPPED_AT","","","553","7600"
"y3266","3266","259","13","0","-71.11690358","42.33188657","None","2025-05-01T19:46:11-04:00","STOPPED_AT","","","66","1526"
"y1675","1675","187","50","0","-71.19665807","42.20348757","None","2025-05-01T19:46:09-04:00","IN_TRANSIT_TO","","","34E","22618"
"y3252","3252","289","11","1","-71.10991702","42.35396886","None","2025-05-01T19:46:11-04:00","IN_TRANSIT_TO","","","747","1773"
"y1285","1285","180","3","0","-71.06482137","42.35174859","None","2025-05-01T19:46:11-04:00","IN_TRANSIT_TO","","","749","49002"
"y2074","2074","300","10","0","-71.10344257","42.397095269","None","2025-05-01T19:46:08-04:00","IN_TRANSIT_TO","","","89","2733"
"1841","1841","270","10","0","-71.07025146484375","42.34754943847656","5.8","2025-05-01T19:45:30-04:00","IN_TRANSIT_TO","","","CR-Worcester","WML-0012-07"
"y1916","1916","138","10","1","-71.10377045","42.34307565","None","2025-05-01T19:46:04-04:00","IN_TRANSIT_TO","","","47","1777"
"y1920","1920","307","1","0","-71.058080399","42.35388403","None","2025-05-01T19:46:10-04:00","STOPPED_AT","","","7","16535"
"y1991","1991","76","19","1","-71.21533692","42.48545497","None","2025-05-01T19:46:11-04:00","STOPPED_AT","","","350","49808"
"y1651","1651","267","13","0","-71.139426729","42.286189999","None","2025-05-01T19:46:09-04:00","IN_TRANSIT_TO","","","35","801"
"O-5482CE4D","1430","50","80","1","-71.06723","42.34759","None","2025-05-01T19:45:32-04:00","INCOMING_AT","","","Orange","70017"
"R-5482D36F","1711","305","110","1","-71.05635","42.32589","None","2025-05-01T19:45:38-04:00","INCOMING_AT","","","Red","70084"
"R-5482D5C3","1746","310","150","1","-71.06263","42.3565","None","2025-05-01T19:45:54-04:00","STOPPED_AT","","","Red","70076"
"R-5482B992","1508","350","190","1","-71.1186","42.37432","None","2025-05-01T19:45:29-04:00","STOPPED_AT","","","Red","70068"
"1868","1868","None","50","1","-71.08785247802734","42.33781814575195","None","2025-05-01T19:45:34-04:00","STOPPED_AT","","","CR-Providence","NEC-2265-02"
"y2092","2092","108","10","1","-71.09786456","42.46516748","None","2025-05-01T19:46:10-04:00","IN_TRANSIT_TO","","","132","25997"
"y1937","1937","270","32","1","-71.20631","42.41614","None","2025-05-01T19:46:05-04:00","IN_TRANSIT_TO","","","76","8651"
"y1955","1955","130","5","1","-71.06611219","42.380145199","None","2025-05-01T19:46:10-04:00","STOPPED_AT","","","93","2846"
"y1426","1426","321","15","0","-71.05244251","42.40209601","None","2025-05-01T19:46:12-04:00","IN_TRANSIT_TO","","","104","57002"
"y1968","1968","296","1","1","-71.105771649","42.41763624","None","2025-05-01T19:46:09-04:00","STOPPED_AT","","","96","45002"
"y2018","2018","113","8","1","-71.05498409","42.42016596","None","2025-05-01T19:45:58-04:00","STOPPED_AT","","","104","5349"
"y1703","1703","42","23","1","-71.15588443","42.28561762","None","2025-05-01T19:46:07-04:00","STOPPED_AT","","","35","783"
"1712","1712","99","160","1","-71.0776596069336","42.37411117553711","5.8","2025-05-01T19:45:34-04:00","IN_TRANSIT_TO","","","CR-Fitchburg","BNT-0000"
"y0897","0897","332","1","1","-71.04940332","42.44204576","None","2025-05-01T19:45:45-04:00","STOPPED_AT","","","106","5472"
"y3315","3315","16","2","0","-70.99096806","42.41887443","None","2025-05-01T19:46:12-04:00","IN_TRANSIT_TO","","","442","4736"
"G-10090","3923-3922","315","630","1","-71.06057","42.36563","None","2025-05-01T19:44:19-04:00","STOPPED_AT","","","Green-D","70205"
"y1922","1922","315","7","0","-71.07503","42.33483","None","2025-05-01T19:46:04-04:00","STOPPED_AT","","","1","58"
"y3290","3290","75","32","1","-71.21966438","42.349484599","None","2025-05-01T19:46:09-04:00","IN_TRANSIT_TO","","","553","76251"
"y2051","2051","19","62","0","-71.272868759","42.499945349","None","2025-05-01T19:46:08-04:00","IN_TRANSIT_TO","","","62","34879"
"y3132","3132","268","1","1","-71.05690872","42.431083209","None","2025-05-01T19:46:08-04:00","STOPPED_AT","","","104","53270"
"G-10085","3827-3674","225","210","0","-71.12537","42.35175","5.0","2025-05-01T19:46:05-04:00","STOPPED_AT","","","Green-B","70135"
"O-5482D38E","1448","230","110","0","-71.06467","42.3488","None","2025-05-01T19:46:07-04:00","STOPPED_AT","","","Orange","70016"
"B-5482D61D","0754","285","110","0","-71.06208","42.36115","None","2025-05-01T19:45:59-04:00","STOPPED_AT","","","Blue","70838"
"y2044","2044","353","19","0","-71.02952905","42.407221949","None","2025-05-01T19:46:11-04:00","STOPPED_AT","","","111","5629"
"y1899","1899","121","4","0","-71.07091852","42.351761179","None","2025-05-01T19:46:11-04:00","IN_TRANSIT_TO","","","9","145"
"y1641","1641","189","16","0","-71.12331328","42.259301379","None","2025-05-01T19:46:09-04:00","IN_TRANSIT_TO","","","32","6508"
"y3244","3244","90","17","0","-71.09003","42.37989","None","2025-05-01T19:46:04-04:00","IN_TRANSIT_TO","","","747","2776"
"G-10408","3842-3605","270","480","0","-71.12008","42.3316","11.5","2025-05-01T19:46:07-04:00","INCOMING_AT","","","Green-D","70179"
"y1264","1264","270","1","0","-71.07413","42.34752","None","2025-05-01T19:46:09-04:00","STOPPED_AT","","","39","23391"
"y3142","3142","31","26","0","-71.04830291","42.41494081","None","2025-05-01T19:45:23-04:00","STOPPED_AT","","","109","5517"
"y1797","1797","203","10","0","-71.08252453","42.3173626","None","2025-05-01T19:46:09-04:00","STOPPED_AT","","","19","406"
"y1880","1880","18","30","1","-71.06479244","42.34586052","None","2025-05-01T19:46:12-04:00","IN_TRANSIT_TO","","","11","15095"
"y3355","3355","328","1","1","-70.946751699","42.461848959","None","2025-05-01T19:46:10-04:00","STOPPED_AT","","","426","16653"
"G-10242","3860-3691","145","8","0","-71.09239","42.38531","17.4","2025-05-01T19:46:10-04:00","INCOMING_AT","","","Green-E","70514"
"y2035","2035","286","68","0","-71.20975233","42.51942586","None","2025-05-01T19:46:10-04:00","IN_TRANSIT_TO","","","350","6902"
"y2075","2075","270","42","0","-71.22995956","42.37724381","None","2025-05-01T19:46:08-04:00","IN_TRANSIT_TO","","","70","88332"
"y1868","1868","328","24","1","-71.07408904","42.32400195","None","2025-05-01T19:46:04-04:00","STOPPED_AT","","","15","1485"
"y1838","1838","235","2","0","-71.09287612","42.33260467","None","2025-05-01T19:46:11-04:00","IN_TRANSIT_TO","","","23","11257"
"G-10379","3632-3830","200","90","0","-71.06432","42.35356","None","2025-05-01T19:45:53-04:00","STOPPED_AT","","","Green-E","70159"
"G-10007","3858-3629","45","60","1","-71.14147","42.34567","5.3","2025-05-01T19:45:59-04:00","INCOMING_AT","","","Green-B","70124"
"R-5482AB14","1856","315","30","1","-71.02047","42.26685","None","2025-05-01T19:46:07-04:00","STOPPED_AT","","","Red","70100"
"1829","1829","238","90","0","-70.92109680175781","41.88803482055664","6.7","2025-05-01T19:45:46-04:00","IN_TRANSIT_TO","","","CR-NewBedford","MBS-0350-S"
"G-10426","3685-3826","240","110","0","-71.07172","42.35164","None","2025-05-01T19:45:09-04:00","INCOMING_AT","","","Green-E","70155"
"G-10371","3825-3714","175","40","0","-71.05804","42.36234","None","2025-05-01T19:45:36-04:00","INCOMING_AT","","","Green-D","70202"
"y0875","0875","328","38","0","-71.06224599","42.46049569","None","2025-05-01T19:46:10-04:00","STOPPED_AT","","","131","9230"
"y1748","1748","89","14","0","-71.04442482","42.33550342","None","2025-05-01T19:46:12-04:00","STOPPED_AT","","","9","157"
"y2068","2068","225","1","0","-71.07602","42.40293","None","2025-05-01T19:45:28-04:00","STOPPED_AT","","","99","52712"
"y2036","2036","92","4","0","-71.040958979","42.38889216","None","2025-05-01T19:45:49-04:00","STOPPED_AT","","","111","5612"
"y0825","0825","318","14","1","-70.98019734","42.23638972","None","2025-05-01T19:46:09-04:00","IN_TRANSIT_TO","","","225","3724"
"y1627","1627","194","21","0","-71.15801108","42.28149691","None","2025-05-01T19:46:01-04:00","IN_TRANSIT_TO","","","36","810"
"G-10074","3841-3604","45","30","1","-71.15089","42.34065","4.7","2025-05-01T19:45:44-04:00","STOPPED_AT","","","Green-B","70114"
"1846","1846","None","10","1","-70.82534790039062","42.015254974365234","None","2025-05-01T19:45:31-04:00","STOPPED_AT","","","CR-Kingston","PB-0281-S"
"y0803","0803","45","1","0","-71.0637998","42.2837038","None","2025-05-01T19:46:07-04:00","STOPPED_AT","","","215","334"
"G-10225","3862-3641","225","610","0","-71.09507","42.33791","6.1","2025-05-01T19:45:57-04:00","STOPPED_AT","","","Green-E","70245"
"y1952","1952","0","9","0","-71.06709","42.43781","None","2025-05-01T19:46:04-04:00","STOPPED_AT","","","131","9220"
"y1728","1728","51","21","0","-71.05301771","42.33181392","None","2025-05-01T19:46:09-04:00","STOPPED_AT","","","10","16"
"y2020","2020","90","2","0","-71.119132281","42.373807738","None","2025-05-01T19:46:09-04:00","IN_TRANSIT_TO","","","75","2170"
"y3229","3229","90","31","1","-71.09511","42.33146","None","2025-05-01T19:46:04-04:00","IN_TRANSIT_TO","","","66","1323"
"G-10122","3909-3906","225","420","0","-71.13962","42.33826","6.4","2025-05-01T19:42:52-04:00","INCOMING_AT","","","Green-C","70233"
"G-10026","3856-3712","135","1","1","-71.16709","42.34018","None","2025-05-01T19:46:07-04:00","STOPPED_AT","","","Green-B","70106"
"y2104","2104","340","8","0","-71.14295536","42.37549336","None","2025-05-01T19:46:09-04:00","STOPPED_AT","","","71","2028"
"y2030","2030","50","40","0","-71.02548049","42.43198083","None","2025-05-01T19:46:09-04:00","IN_TRANSIT_TO","","","109","7417"
"G-10422","3849-3635","270","500","0","-71.14597","42.33545","4.7","2025-05-01T19:46:02-04:00","IN_TRANSIT_TO","","","Green-D","70175"
"y1710","1710","121","5","1","-71.13593699","42.238211239","None","2025-05-01T19:46:12-04:00","IN_TRANSIT_TO","","","33","8331"
"y3356","3356","225","7","1","-71.00272","42.41654","None","2025-05-01T19:46:04-04:00","IN_TRANSIT_TO","","","116","5709"
"G-10361","3628-3892","60","580","1","-71.07748","42.34997","None","2025-05-01T19:45:50-04:00","INCOMING_AT","","","Green-D","70156"
"y1282","1282","332","2","0","-71.05565326","42.35252772","None","2025-05-01T19:46:05-04:00","IN_TRANSIT_TO","","","751","6555"
"y0772","0772","343","13","1","-71.00849978","42.14260796","None","2025-05-01T19:46:09-04:00","STOPPED_AT","","","230","4002"
"y1788","1788","18","33","1","-71.062860929","42.34088904","None","2025-05-01T19:46:10-04:00","IN_TRANSIT_TO","","","47","150"
"y1330","1330","270","1","1","-71.04083","42.39677","None","2025-05-01T19:45:27-04:00","STOPPED_AT","","","743","74630"
"y2033","2033","225","19","1","-71.0678","42.42547","None","2025-05-01T19:46:04-04:00","IN_TRANSIT_TO","","","108","15431"
"y1888","1888","272","26","1","-71.0845963","42.32877375","None","2025-05-01T19:46:07-04:00","IN_TRANSIT_TO","","","23","1148"
"y1824","1824","141","18","1","-71.07515596","42.33503794","None","2025-05-01T19:46:09-04:00","STOPPED_AT","","","1","854"
"y1209","1209","62","1","1","-71.11349932","42.29995372","None","2025-05-01T19:46:10-04:00","STOPPED_AT","","","16","875"
"1870","1870","20","10","1","-71.4814453125","41.600669860839844","21.9","2025-05-01T19:45:35-04:00","IN_TRANSIT_TO","","","CR-Providence","NEC-1768-03"
"y1842","1842","356","14","1","-71.08565874","42.30153956","None","2025-05-01T19:45:13-04:00","IN_TRANSIT_TO","","","22","383"
"y1794","1794","225","10","1","-71.07317","42.33381","None","2025-05-01T19:46:04-04:00","IN_TRANSIT_TO","","","708","855"
"y2052","2052","116","8","0","-71.09453309","42.37923777","None","2025-05-01T19:46:10-04:00","IN_TRANSIT_TO","","","109","2773"
"B-5482D38F","0759","105","1","1","-71.06208","42.36115","None","2025-05-01T19:45:48-04:00","STOPPED_AT","","","Blue","70038"
"y3314","3314","339","52","1","-70.94640008","42.46157636","None","2025-05-01T19:46:11-04:00","IN_TRANSIT_TO","","","441","14748"
"y3343","3343","8","5","0","-70.95829092","42.47415464","None","2025-05-01T19:46:12-04:00","STOPPED_AT","","","435","7288"
"R-5482D03D","1922","260","150","0","-71.06183","42.30002","None","2025-05-01T19:45:47-04:00","STOPPED_AT","","","Red","70089"
"y3253","3253","146","22","1","-71.12134432","42.33676462","None","2025-05-01T19:45:54-04:00","IN_TRANSIT_TO","","","66","1311"
"y3300","3300","50","17","0","-71.01949267","42.40200939","None","2025-05-01T19:46:03-04:00","IN_TRANSIT_TO","","","116","5757"
"G-10071","3846-3695","60","590","1","-71.07081","42.3518","None","2025-05-01T19:45:59-04:00","IN_TRANSIT_TO","","","Green-B","70158"
"y1630","1630","65","1","1","-71.14810719","42.278918249","None","2025-05-01T19:46:08-04:00","STOPPED_AT","","","38","5263"
"O-5482D0A3","1454","5","170","1","-71.07723","42.3979","None","2025-05-01T19:46:02-04:00","INCOMING_AT","","","Orange","70033"
"1815","1815","None","60","1","-71.22286987304688","42.028587341308594","29.1","2025-05-01T19:45:52-04:00","IN_TRANSIT_TO","","","CR-Providence","NEC-2040-02"
"y1765","1765","240","19","1","-71.11781103","42.33123217","None","2025-05-01T19:46:08-04:00","IN_TRANSIT_TO","","","60","1555"
"y1674","1674","335","5","0","-71.07008975","42.27972915","None","2025-05-01T19:46:08-04:00","STOPPED_AT","","","26","511"
"y2064","2064","313","2","0","-71.07673287","42.38597615","None","2025-05-01T19:46:10-04:00","IN_TRANSIT_TO","","","101","2718"
"R-5482BCC4","1729","350","100","1","-71.05223","42.32052","None","2025-05-01T19:45:48-04:00","STOPPED_AT","","","Red","70096"